<workflow-app name = "MRExample" xmlns = "uri:oozie:workflow:0.4" >
   <start to = "identityMR" />
	 <action name="identityMR">
	   <map-reduce>
	      <job-tracker>ip-10-0-1-20.ec2.internal:8032</job-tracker>
	      <name-node>hdfs://ip-10-0-1-20.ec2.internal:8020</name-node>
	      <prepare>
		<delete path="/user/pscdhlab032/Oozie/MRExample/output"/>
	      </prepare>
	      <configuration>
		 <property>
		   <name>mapred.mapper.class</name>
		   <value>org.apache.hadoop.mapred.lib.IdentityMapper</value>
		 </property>
		 <property>
		   <name>mapred.reducer.class</name>
		   <value>org.apache.hadoop.mapred.lib.IdentityReducer</value>
		 </property>
		 <property>
		     <name>mapred.input.dir</name>
		      <value>/user/pscdhlab032/Oozie/MRExample/Input</value>
	 	</property>
		<property>
		      <name>mapred.output.dir</name>
		      <value>/user/pscdhlab032/Oozie/MRExample/output</value>
		</property>
	       </configuration>
	     </map-reduce>
	     <ok to = "end" />
	     <error to = "kill_job" />
          </action>
      <kill name = "kill_job">
   	   <message>Job failed</message>
      </kill>
      <end name = "end" />
</workflow-app>

