<workflow-app name = "WordCountExample" xmlns = "uri:oozie:workflow:0.4" >
   <start to = "identityMR" />
	 <action name="identityMR">
	   <map-reduce>
	      <job-tracker>ip-10-0-1-20.ec2.internal:8032</job-tracker>
	      <name-node>hdfs://ip-10-0-1-20.ec2.internal:8020</name-node>
	      <prepare>
		<delete path="/user/pscdhlab032/Oozie/WordCountExample/Output"/>
	      </prepare>
	      <configuration>
		 <property>
		   <name>mapreduce.map.class</name>
		   <value>WordCount$TokenizerMapper</value>
		 </property>
		 <property>
		   <name>mapreduce.reduce.class</name>
		   <value>WordCount$IntSumReducer</value>
		 </property>
		 <property>
		     <name>mapred.input.dir</name>
		      <value>/user/pscdhlab032/Oozie/WordCountExample/Input</value>
	 	</property>
		<property>
		      <name>mapred.output.dir</name>
		      <value>/user/pscdhlab032/Oozie/WordCountExample/Output</value>
		</property>
                <property>
                     <name>mapred.output.key.class</name>
                     <value>org.apache.hadoop.io.Text</value>
               </property>
               <property>
                     <name>mapred.output.value.class</name>
                     <value>org.apache.hadoop.io.IntWritable</value>
              </property>
                <property>
                    <name>mapred.mapper.new-api</name>
                    <value>true</value>
                </property>
                <property>
                    <name>mapred.reducer.new-api</name>
                    <value>true</value>
                </property>                 
	       </configuration>
	     </map-reduce>
	     <ok to = "end" />
	     <error to = "kill_job" />
          </action>
      <kill name = "kill_job">
   	   <message>Job failed</message>
      </kill>
      <end name = "end" />
</workflow-app>

